{"assets/clock/board.png":["assets/clock/board.png"],"assets/clock/needle.png":["assets/clock/needle.png"],"assets/rhythm/0.png":["assets/rhythm/0.png"],"assets/rhythm/1.png":["assets/rhythm/1.png"],"assets/rhythm/2.png":["assets/rhythm/2.png"],"assets/rhythm/3.png":["assets/rhythm/3.png"],"assets/rhythm/4.png":["assets/rhythm/4.png"],"assets/rhythm/5.png":["assets/rhythm/5.png"],"assets/rhythm/6.png":["assets/rhythm/6.png"],"assets/rhythm/7.png":["assets/rhythm/7.png"],"assets/rhythm/8.png":["assets/rhythm/8.png"],"assets/tone/.DS_Store":["assets/tone/.DS_Store"],"assets/tone/tone1_a.wav":["assets/tone/tone1_a.wav"],"assets/tone/tone1_b.wav":["assets/tone/tone1_b.wav"],"assets/tone/tone2_a.wav":["assets/tone/tone2_a.wav"],"assets/tone/tone2_b.wav":["assets/tone/tone2_b.wav"],"assets/tone/tone3_a.wav":["assets/tone/tone3_a.wav"],"assets/tone/tone3_b.wav":["assets/tone/tone3_b.wav"],"assets/tone/tone4_a.wav":["assets/tone/tone4_a.wav"],"assets/tone/tone4_b.wav":["assets/tone/tone4_b.wav"],"packages/cupertino_icons/assets/CupertinoIcons.ttf":["packages/cupertino_icons/assets/CupertinoIcons.ttf"],"packages/wakelock_web/assets/no_sleep.js":["packages/wakelock_web/assets/no_sleep.js"]}